bank_name,review_id,username,rating,content,reply,thumbs_up,review_date,app_version
國泰世華,e613205a-7904-4f1b-a3bb-6d10ec9350c1,Rex Zeng,1,打不開，也沒說何時修好或是解決方案,,0,2026-04-16,7.9.1501.335
國泰世華,e3ee907b-c1f8-4af5-987c-e55a34b587a5,姚遙,5,國泰世華App超好用，很直覺操作,,0,2026-04-15,7.9.1501.335
國泰世華,1bf467a6-f4b4-4793-9071-9a41a5abc0ea,白安豪,1,打不開,,1,2026-04-14,7.9.1501.335
國泰世華,48d21129-fb23-4386-9124-abc9d512f08b,詠蓮,1,非常難登入 超級不好用,,1,2026-04-13,7.9.1501.335
國泰世華,e7e0bc6c-3f63-4613-82b0-efbc8c5c994e,左蓉庭,3,最近要進入業面ㄧ直用指紋辨識ㄧ直進不去需要改進,,1,2026-04-12,7.9.1501.335
國泰世華,6dd140dd-b159-404d-9eb0-b478c85c970e,星夢,1,收個驗證碼收100年收不到 笑死,,0,2026-04-11,7.9.1501.335
國泰世華,9fa8323c-1bca-4321-b014-4db8252588de,馬居士,1,國泰那麽大的一流銀行，登錄個網銀還要排隊、斷線... 一流的銀行；三流的網銀,,4,2026-04-11,7.9.1501.335
國泰世華,be9a1a0c-e6f0-4f05-ae6a-545090545b6a,Ian Yi-An Wang,1,非常差勁！Android 鍵盤收起與 App 返回邏輯衝突，導致註冊流程不斷中斷，直接耗盡每日 3 次 OTP 次數。設計極度不專業，完全沒考慮 Android 用戶的操作習慣，一星都不想給。,,0,2026-04-11,7.9.1501.335
國泰世華,2cb32fea-cb08-4102-9e56-7dfe36146f0c,詹奕甄（YEATS CHAN）,4,我要提高額度，謝謝。,,0,2026-04-10,7.9.1501.335
國泰世華,e6c55016-6ac4-4942-af79-fdea84449b2e,羅富元,1,爛東西……NOTE10+一直卡開始畫面不能登入使用……麻煩請解決,,0,2026-04-10,7.9.1501.335
國泰世華,289eaa2b-6fb3-47ec-bc35-0f0c086eb1df,王千維（星端）,1,要切刷卡方案卡半天,,0,2026-04-10,7.9.1501.335
國泰世華,bd90d780-92f6-47f3-8fda-7fb9c814b86f,Arnold Hoshina,1,第一次聽到登錄因為人多要排隊的 會不會太離譜了,,0,2026-04-10,7.9.1401.334
國泰世華,b1aacf6c-a611-4a22-a821-0236e308338d,柳orange,1,今天使用要排隊,,0,2026-04-10,7.9.1501.335
國泰世華,66512a54-12e4-4c0f-99e1-21146d932d0c,Ikaros HS,1,什麼鬼軟體，第一次看過網銀還要排隊才能使用… 沒那資本別做線上服務了好嗎？,,4,2026-04-10,7.9.1501.335
國泰世華,212202d1-4064-41c9-bb1c-a722c791c0c8,戥愛任,1,用app還要排隊,,0,2026-04-10,7.9.1501.335
國泰世華,de425b73-7062-4c64-aafd-d9b627a7084e,Eric Chen,1,第一次遇到用數位銀行還要排隊等登入，好不容易排完隊後，還說目前無法使用生物認證，要輸入帳號密碼，輸入完要登入，說已經登入過，要取消前一次登入嗎？ 選擇保留這次登入，然後要重新再排隊一次...好不容易又排到隊登入後，一直在錯誤重新讀取，爛透了！,,1,2026-04-10,7.9.1401.334
國泰世華,596fb893-2195-4fdf-b493-5f332bb72dc2,黃信翔,1,偶爾有這種明明是當機，找理由說人多要排隊的狀況！ 請不要找藉口，快點把app修好比較實在！,,0,2026-04-10,7.9.1501.335
國泰世華,10cb9c20-e84b-4a22-a9f1-e52bc4d775ed,Santo 51,1,為什麼進入app 還要排隊！！？？ 生物識別也無法使用！！！,,0,2026-04-10,7.9.1501.335
國泰世華,3c5fad39-f519-4d0e-b01c-2ff269d3b6ef,Grenzer,2,系統不穩,,0,2026-04-10,7.9.1501.335
國泰世華,d9af858e-fd2e-48b8-8956-2a815a7b3339,rico Yao,4,登入竟然要等等等😂😂😂,,0,2026-04-10,7.9.1501.335
國泰世華,b2abeb7b-7652-4e3d-af36-a3fd2e66d4d7,楊榮祥,1,使用還要排隊太誇張了吧,,0,2026-04-10,7.9.1501.335
國泰世華,12d2f59b-a8f1-45a3-8b0c-791ada3db985,Tung–Min Tsai,1,國泰不管是網銀還是樹精靈，使用經驗令人憤怒，延遲、當機或在上班或交易時間出現（2026.4.10這一天最扯），嚴重影響當事人權益，搞半天也不見徹底改善，AI客服簡直是在侮辱AI。這些損失都只能自己吞，我一直在忍耐，尋找另一個令人滿意的新網銀。,,0,2026-04-10,7.9.1501.335
國泰世華,73b86408-e4e9-4e29-a1a2-9d0fe039b1dd,黃柏嘉,1,網銀app 登入還要排隊，搞什麼飢餓行銷,,0,2026-04-10,7.9.1501.335
國泰世華,ba83db51-bbd3-41e5-9d84-12cdd02ee02f,周文成,1,第一次使用到要排隊等進入的app 會因為這個app想把信用卡停掉,,0,2026-04-10,7.9.1501.335
國泰世華,0fc3068b-1e91-4607-96a3-66d6ab576a65,Daphne Chang,1,系統頻出現使用人數眾多無法立即使用，還需排隊等候使用,,0,2026-04-10,7.9.1301.326
國泰世華,12e35093-c170-4844-b154-16140ab01172,Liao Jason,1,銀行app居然要排隊，請貴公司的IT跟SRE可以Fire掉了。,,0,2026-04-10,7.9.1501.335
國泰世華,546005b7-05af-475e-b252-906cbed33b90,Jojeam Chen,1,今天系統是不是又壞了,,0,2026-04-10,7.9.1501.335
國泰世華,636e1f70-dcc5-4830-af98-8ccb01213068,黃十坪,1,十幾年過去了，還是沒改進，越來越爛。登錄還要排隊了。,,1,2026-04-10,7.9.1501.335
國泰世華,e54353e7-361f-46a9-bff0-1fc83bdfdd82,胖胖爸,2,"登入App 指紋解鎖還需要等那麼久, 越做越回去了, 人家是越改越快越改越安全 ,國泰世華越改越慢",,0,2026-04-10,7.9.1501.335
國泰世華,66af527f-8306-4355-a65f-31b479c3e91b,Hung-Chia Hsu,1,針對網銀app也要排隊這功能，我願給國泰1星評價以表支持。,,0,2026-04-10,
國泰世華,79eb08b5-5cf3-456e-9d14-751683c88572,淑娟謝,1,一直在等待畫面，進去了也沒有辦法轉帳😓😓,,0,2026-04-10,7.9.1501.335
國泰世華,8e0eb875-0fc3-4a51-9711-0a99f098773c,eason,1,登入超久，登入後還會卡住，是怎麼樣，很爛餒,,0,2026-04-10,7.9.1501.335
國泰世華,68d17605-1285-43f8-8566-8e5106042bff,林小蓉,1,怎麼現在上網國泰App還要排隊等這麼久 就是不想去臨櫃等，才選擇網路銀行處理事物.....結果還是要等,您好，目前連線狀態正常，若您持續遇到此問題，請您提供 1) 常會卡住的畫面、2) 手機系統版本號，來信至客服信箱 MMB@cathaybk.com.tw，我們將有專人為您服務，祝您有美好的一天，謝謝：）,0,2026-04-10,7.9.1501.335
國泰世華,79f059d5-7e01-48e2-be44-5644cd4868be,Yupin Kuo,1,請問用戶數是幾千萬嗎？卻需要一直排隊登入，甚至排隊後仍出現空白畫面卡住，顯示系統架構未能有效承接實際使用情境。排隊機制若無法確保服務可用性，只是延後問題發生，對使用者體驗毫無幫助。,,0,2026-04-10,
國泰世華,0036bd15-44ed-4021-9bda-dc384179112d,weijung kao,2,上網銀還要排隊登入，我喵的是去分行辦業物？乾脆網銀先抽號碼好了，，， 錢再賺系統也要更新啦，，，,,0,2026-04-10,7.9.1501.335
國泰世華,5c312685-d783-4680-8058-571f27883dee,ㄌㄩㄕ,1,登入竟然還要排隊，好不容易進去之後要手機提款又一直顯示錯誤，剛好時間很急還出這種包真的……以後不敢不帶金融卡了🥲,,0,2026-04-10,
國泰世華,a013f2b6-a885-4ddb-a144-5fdf1378334e,Yang ChinLung,1,使用需要排隊，銀行賺很多錢 請擴充設備,,0,2026-04-10,7.9.1501.335
國泰世華,cdb4f782-bf9f-4a9a-a484-9e3d9e9b72a2,紀凡,1,爛透了 一直排隊 排到了又轉帳失敗 浪費時間,,0,2026-04-10,7.9.1501.335
國泰世華,144cd35b-b8b5-4247-912d-ef4bf3359480,陳彥祥,1,爛死了 今天登入系統還要排隊 還無法手機提款浪費時間,,0,2026-04-10,7.9.1501.335
國泰世華,61ea62ce-703e-409b-872e-3c8136968ccb,LIU,3,開APP還要排隊，有夠慢,,0,2026-04-10,7.9.1501.335
國泰世華,4a69be16-5530-4967-8cde-31c003e2d77d,John Fan,1,我用網銀還要排隊登入...？什麼破app,,0,2026-04-10,7.9.1501.335
國泰世華,e292bfd0-8fc0-4754-838e-adc3a4c73035,Hubert Chuang,1,第一次碰到銀行app還要排隊等候登入，去銀行搞不好還不用等,,0,2026-04-10,7.9.1501.335
國泰世華,b0e94b27-b0a0-45a7-90dc-8afda65b52d5,陳韻,5,現在登錄app還出現排隊畫面是怎麼了 ?,,0,2026-04-10,7.9.1501.335
國泰世華,aaa41c79-e800-4eb1-9382-d1713ef03807,李承璋,1,真夠爛的，還要排隊才能登入，登入後又很卡頓,,0,2026-04-10,7.9.1501.335
國泰世華,278c5002-6584-4f46-a608-45e6d7543a38,Aston Martins,1,第一次看到App需要排隊 🙄🙄🙄,,0,2026-04-10,7.9.1501.335
國泰世華,6be8ef95-f063-4c73-9db0-fefe0869940b,Chia,1,原本還不錯，但2026/4/10這天爛的可以，一直當機是怎麼回事？要匯款給對方結果一直不能順利操作，貴公司要賠償我的損失嗎？,,0,2026-04-10,7.9.1501.335
國泰世華,fdebc65f-bd81-458e-8437-aeb30f5d5e1f,維Wei,1,爛欸，一大早進去無法轉帳，等到中午整個當掉連進都進不去,,0,2026-04-10,7.9.1501.335
國泰世華,8700fe8f-2125-4ae6-880e-772a5956e5b4,薩卡蘭姆,1,垃圾app，轉帳還要排隊,,0,2026-04-10,7.9.1301.326
國泰世華,751b0960-abc9-4fec-b648-5d6112b34810,Charlie Yan,1,2026/4/10無預警當機，cube app想解個定存都沒辦法，之後不會考慮再把任何資金放在國泰,,0,2026-04-10,7.9.1501.335
國泰世華,9862eba8-763a-4a01-9865-0c2e2484b1a1,you see,1,一直顯示無法預期的錯誤,,0,2026-04-10,7.9.1501.335
國泰世華,21bdef86-d884-479b-877f-747b5d49b551,黑麻糬,2,只要進去轉帳就被登出，搞什麼啊,,0,2026-04-10,7.9.1501.335
國泰世華,5160850d-47cd-4b99-b47a-c0dafb9c4432,Rex Wei,1,系統超慢，登陸超卡，真的比玉山差很多,您好，抱歉造成您的不便。若方便的話，是否能麻煩您來信至MMB@cathaybk.com.tw客服信箱，並於來信中詳述你的問題、裝置型號、作業系統與您的連絡方式，我們將由行動銀行團隊為您服務，謝謝,1,2026-04-10,7.9.1501.335
國泰世華,055055bb-36b5-40c0-8647-90ca62e27e99,Ching “Ocean”,1,轉帳才1萬，還收15手續費，沒關係我結清，不削用你這種銀行,,0,2026-04-10,7.9.1101.318
國泰世華,039c0d87-fc5d-4fbd-a9cd-5931d5636164,Aphon Wu,3,買賣外幣一直失敗 伺服器忙線,,0,2026-04-10,7.9.1501.335
國泰世華,d218890a-36f4-4d81-ae97-6ffe3a6c1568,鈺鈺,1,拜託，不要一直閃退好嗎？一直重複登入又閃退，造成很大困擾,,1,2026-04-09,7.9.1501.335
國泰世華,1439b2f5-f9e0-4f09-ad59-2d5620378cf5,Chang-Hsun Wu,1,繳卡費很不方便,,1,2026-04-09,
國泰世華,4309c750-1e24-40bd-9f2f-c46192954396,郭士通（Pandanysia）,1,cube app開啟後一直只在loading頁面無法登入，卸載重裝也相同，一個多月也沒修復,"您好，感謝您的評論。針對您遇到的App持續停留在loading頁面無法登入的問題，建議您可以嘗試以下步驟：
確認您的手機作業系統和CUBE App都已更新至最新版本。
檢查您的手機是否有充足的儲存空間及穩定的網路連接。
嘗試重新啟動您的手機後再開啟App。
若問題仍然持續發生，歡迎來信至MMB@cathaybk.com.tw，並提供 1)問題說明及畫面截圖、2)裝置型號、3)App版本、4)身分證字號，將有專人儘速為您服務與查詢，協助您盡快解決問題！📱✨",1,2026-04-09,7.9.1501.335
國泰世華,3832fb02-e7b9-436a-99bf-524629adabbe,Lin Hakare,3,美股可不可以設定預設是台幣或美金的選項，不然都要再手動再選,您好，謝謝您的建議，我們會將意見轉達給內部團隊評估參考，謝謝。祝您有個美好的一天:),0,2026-04-08,7.9.1501.335
國泰世華,92f0eb02-9637-433e-8f0e-7f24d9183a1f,WeI DV,1,一直驗證失敗，爛,您好，感謝您的留言。若您遇到驗證失敗的問題，建議先嘗試以下步驟：1) 確認您的裝置及CUBE App均已更新至最新版本、2) 檢查網路連線是否穩定、3) 若使用臉部辨識，可嘗試重新設定或改用交易認證碼作為替代驗證方式。如問題仍持續發生，歡迎來信至MMB@cathaybk.com.tw，並提供 1)問題說明及畫面截圖、2)裝置型號、3)App版本、4)身分證字號，將有專人儘速為您服務與查詢，謝謝！💪,1,2026-04-08,7.9.1501.335
國泰世華,802ddd89-6757-4d31-856c-924acbb2f253,Chi Wi,1,怎麼到現在還有銀行app在轉帳前不會說手續費是多少？,謝謝您的評論，關於轉帳手續費的顯示，您可以在轉帳資料確認頁面中查看該次轉帳所需的手續費金額。此外，進行跨行轉帳時，畫面上也會顯示您目前剩餘的免手續費次數，方便您掌握轉帳成本。我們也有提供多種跨轉免手續費優惠活動，例如CUBE卡存戶任務優惠，完成指定任務即可享有優惠。若您在使用上還有任何問題，歡迎來信至MMB@cathaybk.com.tw，並提供1)問題說明及畫面截圖、2)裝置型號、3)App版本、4)身分證字號，將有專人儘速為您服務與查詢，謝謝！💫,10,2026-04-08,7.9.1501.335
國泰世華,64bdaeea-20fb-46ce-9a46-d249e4c6518a,K紳士,1,爛，智能客服莫名奇妙連不到麥，明明權限都有給，沒看過一個app 連麥都不能用的,,0,2026-04-08,7.9.1501.335
國泰世華,dfcaca9f-49b5-46f3-a3fe-eafd22aa25de,張致瑋,4,程式好用，但最近指紋登入無法使用...google pixel 9 pro fold,,0,2026-04-07,7.9.1501.335
國泰世華,96cc3f97-f01e-4b76-9b34-261626e58ab0,陳鏘,5,很棒,,0,2026-04-07,7.9.1501.335
國泰世華,48b284c0-fe11-4867-b36b-f028c37090d1,羅儀珊,2,反直覺，想找的選項項目點進去內容無關。AI也問不到相關答案。查詢時，各項功能的時間順序也不好調整，一直找不到舊紀錄。比如消費明細，查了半天找不到時間點選。點數也不在帳務總覽。保費刷卡回饋也沒看到，過了4個月才發現可能要另外登錄，損失不小。不是愉快的經驗。且年繳容易忘記，考慮用別家的卡刷保費。,,1,2026-04-07,7.9.1301.326
國泰世華,cd6b0d82-1bb6-476b-9635-e02a70670e7f,ᴛɪɴɢ •‿•,2,前天開始一直無法指紋辨識登入，更新、清除快取、重新安裝也一樣，無限循環,"您好，謝謝您的回饋！針對指紋辨識無法登入的問題，建議您可以先嘗試以帳號密碼登入App後，進入右下角「更多」→「設定」→「快速登入」，重新確認並設定您的生物辨識登入功能。若問題仍持續發生，歡迎來信至MMB@cathaybk.com.tw，並提供 1)問題說明及畫面截圖、2)裝置型號、3)App版本、4)身分證字號,將有專人儘速為您服務與查詢，期待能幫助您盡快恢復順暢的使用體驗！",1,2026-04-05,7.9.1501.335
國泰世華,f825b216-673d-41bd-86af-d38c49ede02a,daniel Hsieh,5,good 👍,,0,2026-04-02,
國泰世華,ba2e7abd-f943-4d26-a394-fecc8883d79c,even phage,1,天天更新,,0,2026-04-01,
國泰世華,0039f55c-c767-4441-83c7-da46e12a2c51,阿儀,5,讚,,1,2026-03-31,7.9.1501.335
國泰世華,60402d67-a281-4951-b259-3c31fa5b89d6,Yu-Jhen Chen,2,生物辨識遇過一次不能登入的時段，之後要再使用生物辨識，卻變成帳密登入，拿生物辨識的隱私換來的方便，結果還是時不時帳密登入，不知道到底發生什麼事情,您好，感謝您的反映！關於生物辨識登入的問題，建議您可以重新設定看看：登入後，請前往右下角 [更多]-[設定]-[登入方式設定]，在此處重新啟用生物辨識登入功能。若重新設定後問題仍持續發生，歡迎來信至MMB@cathaybk.com.tw，並提供 1)問題說明及畫面截圖、2)裝置型號、3)App版本、4)身分證字號，將有專人儘速為您服務與查詢，謝謝！🙏,0,2026-03-31,7.9.1501.335
國泰世華,74ce6d8a-7d63-441f-92a1-d5d6f72020ff,Eason Lin,2,手機為三星Note 10 plus，很難登入…… 點開50次app，大概只有1次會成功 請協助改善！,"您好，感謝您的反映。針對 Note 10+ 手機難以登入的問題，很抱歉造成您的不便。建議您嘗試以下方式：
1) 移除 Cube App
2) 前往：設定 → 應用程式 → Google Play 商店 → 應用程式資訊 → 點擊右上角「⋯」 → 解除更新
3) 重新開機後，再重新安裝 Cube App

若操作後仍有問題，歡迎來信至 MMB@cathaybk.com.tw，並提供 1)問題說明及畫面截圖、2)裝置型號、3)App版本、4)身分證字號，我們會有專人盡速為您處理。期待能讓您順利使用！",0,2026-03-31,7.9.1501.335
國泰世華,a406c960-0030-41c5-8e62-9deb263322bf,Peter Chen,5,以前很好用可以指紋登入，最近才發生無法指紋驗證登入，手機型號 POCO X7 PRO，android 16，HyperOS 3，請盡快解決問題。,您好，感謝您提供詳細的手機型號與系統資訊！針對您反映的指紋驗證問題，建議您嘗試以下步驟： 1. 更新您的手機操作系統及CUBE App至最新版本。 2. 卸載並重新安裝App，使用您的帳號密碼登入後在右下角 [更多]-[設定]-[快速登入] 中重新設定生物辨識功能。 3. 若問題持續存在，請來信至MMB@cathaybk.com.tw，並提供 1)問題說明及畫面截圖、2)裝置型號、3)App版本及系統版本、4)身分證字號，我們將有專人儘速為您服務！希望能早日幫助您恢復順暢的使用體驗！😊,3,2026-03-30,7.9.1501.335
國泰世華,8b537901-6751-4e0b-9b1f-882d2367ee0a,小肥醜,1,1) 移除 Cube App 2) 前往 設定 一 應用 程式 一 Google Play 商店 一 應用程式解除更新 3) 重新開機後再重新安裝 Cube App 以上方式還是沒用，過沒多久還是會發生無法登入的情況，note10跟s10的用戶還是很多，建議公司可以下放切換權益的功能，讓大家能在網頁版網路銀行或是國泰優惠app就能切換，反正大家都只是為了能登入app換權益而已，繳卡費那些都能透過網銀完成。,您好，感謝您詳細說明嘗試的步驟，我們理解您的困擾。針對 Note10 及 S10 系列機型的登入問題，我們正在積極處理與修復中。同時，您提出的「在網頁版或其他 App 切換權益」建議非常寶貴，我們會將此意見轉達給相關團隊作為未來功能優化的參考。若問題持續發生，歡迎來信至 MMB@cathaybk.com.tw，並提供 1)問題說明及畫面截圖、2)裝置型號、3)App版本、4)身分證字號，將有專人儘速為您服務與查詢。感謝您的耐心與支持！💪,2,2026-03-30,7.9.1501.335
國泰世華,891f7ff8-e98f-49f8-82f5-d8d15ba4f706,石振助,5,功能齊，唯賣美股介面找不到無法止損讓本人很切心,謝謝您的評論！目前CUBE App尚無此功能，需麻煩您至國泰證券App操作，謝謝！我們也會將您的建議轉達給內部團隊評估參考😊,1,2026-03-26,7.9.1501.335
國泰世華,e1e180f3-c08b-41c9-af52-7ccde832a83b,魏廷峰,1,外匯設定到價通知，明明到了設定的價格卻沒通知,感謝您的評論！關於外匯到價通知的問題，建議您可以先至CUBE App登入後，前往「更多」>>「設定」>>「推播方式設定」，將所有設定開關關閉後再重新開啟，以重置相關推播設定。若操作後仍無法正常收到通知，歡迎來信至MMB@cathaybk.com.tw，並提供 1)問題說明及畫面截圖、2)裝置型號、3)App版本、4)身分證字號，將有專人儘速為您服務與查詢，謝謝！📲,0,2026-03-26,7.9.1401.334
國泰世華,87c7c792-9696-4c56-8758-6e7484054673,韻如,1,用過最不友善的網銀app,您好，感謝您的回饋。我們非常重視每位用戶的使用體驗，您的意見對我們來說相當重要。若在使用上遇到任何問題或有具體的建議，歡迎來信至MMB@cathaybk.com.tw，並提供 1)問題說明及畫面截圖、2)裝置型號、3)App版本、4)身分證字號，將有專人儘速為您服務與查詢。我們會持續努力改善，提供更好的服務！💪,0,2026-03-25,
國泰世華,8ee905de-055a-4c1a-8356-4bfee0c96892,林柏丞,1,非常爛的程式 買賣外幣說明不清楚 換外幣裡面勾選（旅遊 遊學 留學）選項 細項勾選旅遊 但是卻領不出錢 打給客服也是一直推託 說只是字面上的意思 話都給他們講就飽了 就是騙我們買外幣發現領不出來 要我們再給他們騙一次手續費給他們賺價差 或是需要高昂手續費轉到其他銀行 絕對不要下載爛程式,"您好,感謝您的回饋! 若您在CUBE App購買外幣後需要提領現鈔，建議您可先確認所購買的外幣帳戶類型及提領方式。如果您對於外幣交易流程、手續費或提領方式有任何疑問,歡迎來信至MMB@cathaybk.com.tw,並提供 1)問題說明及畫面截圖、2)裝置型號、3)App版本、4)身分證字號,將有專人儘速為您服務與查詢,我們會協助您釐清相關細節,謝謝!💬",2,2026-03-25,7.9.1501.335
國泰世華,c43bb87c-10fc-4184-960c-d7f8b0313a62,蔡育茹,1,這幾天點進去app為什麼一直顯示系統維護啊！,"您好，感謝您的反映！若您目前遇到持續顯示系統維護的狀況，可能是我們正在進行系統更新或維護作業。建議您可以先嘗試以下方式：
1. 確認您的 App 是否已更新至最新版本
2. 確保裝置已連接到穩定的網路環境
3. 稍後再重新開啟App試試看

若問題持續無法解決，歡迎來信至MMB@cathaybk.com.tw，並提供 1)問題說明及畫面截圖、2)裝置型號、3)App版本、4)身分證字號，將有專人儘速為您服務與查詢，謝謝！🔧",0,2026-03-25,
國泰世華,b3af77cf-cddd-4740-aa77-fbc0519540fd,蘇建華,5,超讚,謝謝您的好評愛用！我們會持續努力提供更好的服務體驗😊,0,2026-03-25,7.9.1401.334
國泰世華,3f0153cf-ba53-4040-a77c-a053ae3de441,陳天樹,5,很好玩,謝謝您的好評愛用！我們會持續努力提供更好的服務體驗😊,0,2026-03-25,7.9.1401.334
國泰世華,db52a0b4-f83b-4b20-a56f-9f7213fed94b,Kos Timmber,2,更新後，投資介面失去原本簡潔易用的優勢，多了一堆不必要的推薦選項,謝謝您的評論！我們會將您的意見轉達給開發團隊，作為優化功能的參考，以提升使用體驗，未來也將持續聆聽您的需求，提供更多、更好、更方便的服務。若使用上有任何問題，歡迎來信至MMB@cathaybk.com.tw，並提供 1)問題說明及畫面截圖、2)裝置型號、3)App版本、4)身分證字號，將有專人儘速為您服務，謝謝！😊,0,2026-03-25,7.9.1501.335
國泰世華,cc2deddc-4431-4226-9dfd-3f7476bab2b8,Kairos,1,國泰的登錄網頁超卡...,您好，感謝您的反饋。建議您先確認設備已連接到穩定的網路，並確保手機系統和App版本都是最新的。若問題持續存在，歡迎來信至MMB@cathaybk.com.tw，並提供 1)問題說明及畫面截圖、2)裝置型號、3)App版本、4)身分證字號，將有專人儘速為您服務與查詢，謝謝！我們會持續努力改善您的使用體驗！📱✨,0,2026-03-24,7.9.1501.335
國泰世華,dd185a1c-ef0d-48ff-8580-c2184e5a85a9,Vince Hsu,5,感謝客服幫忙解決問題！,謝謝您的肯定！很高興能為您解決問題，我們會持續努力提供更好的服務。如果未來有任何需要協助的地方，歡迎隨時與我們聯繫哦！😊,21,2026-03-24,7.9.1401.334
國泰世華,7fbf6bfd-c197-477a-94c2-e3f5a7c0d691,黃林麗華,5,快速方便,謝謝您的評論！很高興我們的APP能為您帶來快速便捷的使用體驗，我們會持續努力提供更優質的服務給您！😊,0,2026-03-23,7.9.1401.334
國泰世華,da8413cb-47ab-4a60-a794-52809a6e2e14,李淞洋,5,很棒的人性介面,謝謝您的評論！很高興您喜歡我們的介面設計，我們會持續努力提供更優質的使用體驗！😊,0,2026-03-22,7.9.1401.334
國泰世華,4a717e98-3fd1-43a6-9818-8eea3b7c5bab,傅方林,5,好好,謝謝您的好評！很高興您喜歡我們的APP，我們會持續努力提供更好的服務😊,0,2026-03-22,7.9.1401.334
國泰世華,3b22a719-3585-49ee-be79-05cb077a21f7,Lusaka Lusaka,2,推播了行銷訊息點進去看卻說沒通知， 你不如不要推播,您好，感謝您的回饋！關於推播行銷訊息後點開卻顯示沒有通知的情況，建議您可以嘗試將推播設定重置看看：登入後點選「更多」→「一般設定」→「推播管理」，將所有開關關閉後再重新開啟。如果問題持續發生，歡迎來信至 MMB@cathaybk.com.tw，並提供 1)問題說明及畫面截圖、2)裝置型號、3)App版本、4)身分證字號，將有專人儘速為您服務與查詢，謝謝！😊,0,2026-03-21,7.9.1401.334
國泰世華,dd0e2813-1409-4ef3-ba57-62ba9f7999d8,JJ H,1,"外幣存款的介面很不好用,尤其是外幣定存，不能按照幣別或者到期日排列，各種幣別混在一起排列，查詢很不方便。而且首頁只能顯示幣別跟金額，到期日要一筆一筆點進去才能看到，使用起來很不方便，跟客服反應也沒有用",謝謝您的評論，我們非常重視您的使用體驗與建議。關於外幣定存介面的排序功能，您的意見我們已經收到，我們會將您的反饋轉達給相關團隊，作為未來優化的參考方向。若使用上有任何問題，歡迎來信至MMB@cathaybk.com.tw，並提供 1)問題說明及畫面截圖、2)裝置型號、3)App版本、4)身分證字號，將有專人儘速為您服務與查詢，謝謝！💪,2,2026-03-19,7.9.1401.334
國泰世華,b9d2d0d1-df7e-42de-8ec8-bb118207d345,冰封,4,應用程式本身好用，可是只要刷機就不支援，並沒有Root，會顯示裝置不安全。希望可以修復這點,您好，感謝您的評論！關於您提到刷機後顯示裝置不安全的問題，這是為了保護您的交易安全所設計的安全機制。即使裝置未Root，但刷機後的系統可能會被偵測為有潛在風險。若使用上有任何問題，歡迎來信至MMB@cathaybk.com.tw，並提供 1)問題說明及畫面截圖、2)裝置型號、3)App版本、4)身分證字號，將有專人儘速為您服務與查詢，謝謝！🔒,4,2026-03-19,7.9.1401.334
國泰世華,25a0e6f3-0a46-41a0-8fba-c64191f4cdbd,林鴻忠,1,看了一堆評論，大多是使用三星noto10+手機無法使用問題，真是爛到不行，這麼大的銀行公司，連一個app也無法搞定，是高層眼睛都有障眼法嗎！沒有看到嗎？無法使用！無法使用！無法使用！很重要！很重要！很重要，卸載安裝！卸載安裝！卸載安裝！很爛！很爛！很爛！超級爛超級爛超級爛超級爛超級爛超級爛超級爛超級爛超級爛超級爛超級爛超級爛超級爛超級爛超級爛超級爛超級爛超級爛超級爛超級爛超級爛超級爛超級爛超級爛超級爛超級爛超級爛超級爛超級爛超級爛超級爛超級爛超級爛超級爛超級爛超級爛超級爛超級爛超級爛超級爛超級爛超級爛超級爛超級爛超級爛超級爛超級爛超級爛超級爛超級爛超級爛超級爛超級爛超級爛超級爛超級爛超級爛超級爛超級爛超級爛超級爛超級爛超級爛超級爛超級爛超級爛超級爛超級爛超級爛超級爛超級爛超級爛超級爛超級爛超級爛超級爛超級爛超級爛超級爛超級爛超級爛超級爛超級爛超級爛超級爛超級爛超級爛超級爛超級爛超級爛超級爛超級爛超級爛超級爛超級爛超級爛超級爛超級爛超級爛超級爛超級爛超級爛超級爛超級爛超級爛超級爛超級爛超級爛超級爛超級爛超級爛超級爛超級爛超級爛超級爛超級爛超級爛超級爛超級爛超級爛超級爛超級爛超級爛超級爛超,"您好,感謝您的留言與反映。針對 Note10+ 手機無法開啟 APP 的問題,造成您的不便,我們深感抱歉。目前確實有部分 Note10+ 用戶遇到類似狀況,我們已在積極調查並持續修復相容性問題。在正式修復完成前,您可以先嘗試以下方式，多位用戶回報可恢復正常使用:

1) 移除 Cube App
2) 前往:設定 → 應用程式 → Google Play 商店 → 應用程式資訊 → 點擊右上角「⋯」→ 解除更新
3) 重新開機後,再重新安裝 Cube App

若仍有問題,歡迎來信至 MMB@cathaybk.com.tw,並提供 1)問題說明及畫面截圖、2)裝置型號、3)App版本、4)身分證字號,將有專人儘速為您服務與查詢。我們會持續更新進度,期待能讓您盡速恢復正常使用!🔧",5,2026-03-17,7.9.1401.334
國泰世華,d8216c06-0bf3-4dcd-8ed7-0b82890223c5,冰席月,2,最近1個星期常常都卡在正在連線中請稍後根本進不去,您好，感謝您的回饋。針對您遇到的「一直顯示正在連線中請稍後」問題，建議您可以先確認以下幾點：1) 確保您的裝置已升級至最新版本的作業系統、2) 確認您的手機已成功連接到穩定的網際網路、3) 試著重啟您的設備，這可能有助於解決一些連線問題。如果問題仍然存在，歡迎來信至MMB@cathaybk.com.tw，並提供 1) 問題說明及畫面截圖、2) 裝置型號、3) App版本、4) 身分證字號，將有專人儘速為您服務與查詢，謝謝！📱✨,0,2026-03-14,7.9.1401.334
國泰世華,7662c4dd-4ce2-4ad9-a976-d5f9d0ae9f17,楊凱傑,5,好用,您好，感謝您對我們APP的支持與肯定！祝您有美好的一天 😊,0,2026-03-13,
國泰世華,3cf91d58-1cb5-45b7-98e8-d2f09cf3bd68,林天祥,5,O k,"Hello, thank you for your support and love for the CUBE App! We will continue to work hard to provide you with better features and experiences! If you have any suggestions or needs, feel free to let us know anytime! 😊",0,2026-03-12,7.9.1301.326
國泰世華,6b94a47c-c457-4867-ab3d-edb702975037,黃榮德,5,OK,謝謝您的好評與支持！我們會持續努力為您提供更優質的服務體驗😊,0,2026-03-10,7.9.1301.326
國泰世華,c5c40a7d-d90b-4037-9172-7d792aee3c1d,phone Huibin.,3,查明細，每一筆都沒有顯示餘額,您好，感謝您的反饋！目前在交易明細中查看餘額的功能，建議您可以點選「臺幣總額」進入「交易明細」頁面查看交易後的帳戶餘額。若使用上有任何問題，歡迎來信至MMB@cathaybk.com.tw，並提供 1)問題說明及畫面截圖、2)裝置型號、3)App版本、4)身分證字號，將有專人儘速為您服務與查詢，謝謝！,0,2026-03-07,7.9.1301.326
國泰世華,d3f91bf3-bb6c-42a6-be6c-116f59e3bab1,Molly He,3,為什麼每次要點帳戶明細就跳出來？,您好，感謝您的反映。關於點擊帳戶明細會跳出的問題，建議您可以嘗試以下步驟：1. 確認App已更新到最新版本 2. 重新啟動您的手機 3. 清除App快取資料。如果問題仍持續發生，歡迎來信至MMB@cathaybk.com.tw，並提供 1)問題說明及畫面截圖、2)裝置型號、3)App版本、4)身分證字號，將有專人儘速為您服務與查詢，謝謝！📱,0,2026-03-06,7.9.1301.326
國泰世華,3e78b3a6-b811-40fa-94b4-8704ac9e6045,阿熊仔,5,想詢問手機取錢之前可以輸入密碼後領取，現在一定要人臉辨識嗎？ 已改善_2026,您好，感謝您的詢問！手機提款可透過交易認證碼及人臉辨識進行驗證。若使用上有任何問題，歡迎來信至MMB@cathaybk.com.tw，並提供 1)問題說明及畫面截圖、2)裝置型號、3)App版本、4)身分證字號，將有專人儘速為您服務與查詢，謝謝！😊,0,2026-03-06,7.9.1301.326
國泰世華,899d3b91-db0a-4e6e-bb2c-0406889b4f6d,吳冠霆,5,老人家還是可以使用國泰世華銀行，忘記了還可以幫忙，太好的服務！,謝謝您的好評與支持！我們會持續努力為您提供更優質的服務體驗😊,1,2026-03-05,7.9.1301.326
國泰世華,6a4444d1-a4ae-4ce0-9184-1f38d018be00,Lewis,1,與其他Samsung Note10+使用者反應問題相同， cube app一直在loading 無法進入登入畫面。 試了卸載重裝app，重開機後會正常， 但cube app關閉後下一次再登入還是一樣一直只在loading頁面無法登入。小編一直只讓使用者卸載重裝/關機重開app也不是辦法？現今誰能一直記住登入帳密呢。app應更新升級才能解決這問題?,您好，感謝您的反饋。針對您遇到的登入後閃退問題，建議您可以嘗試以下方法：1. 確認App已更新到最新版本 2. 重新啟動您的手機 3. 清除App快取資料。如果問題仍持續發生，歡迎來信至MMB@cathaybk.com.tw，並提供 1)問題說明及畫面截圖、2)裝置型號、3)App版本、4)身分證字號，將有專人儘速為您服務與查詢，謝謝！📱,7,2026-03-05,7.9.1301.326
國泰世華,a24ea0fc-9d30-4f2a-bf30-7fa3b2defbb1,Shelley Chen (Chen Shelley),1,"使用別間銀行app都沒有這種登入帳密後，就閃退要不斷重登的狀態,很浪費時間",您好，感謝您的反饋。針對您遇到的登入後閃退問題，建議您可以嘗試以下方法：1. 確認App已更新到最新版本 2. 重新啟動您的手機 3. 清除App快取資料。如果問題仍持續發生，歡迎來信至MMB@cathaybk.com.tw，並提供 1)問題說明及畫面截圖、2)裝置型號、3)App版本、4)身分證字號，將有專人儘速為您服務與查詢，謝謝！📱,0,2026-03-04,7.9.1301.326
國泰世華,6e4a4d22-5b8b-4045-a1fe-c5ce120adc0b,Suriel Wang,5,快速登入項目很有問題怎麼設置都要求到手機設定上但是已經設定了且該app確無法接受一直循環到底是要怎麼處理,您好，感謝您的反饋。針對您遇到的快速登入問題，建議您可以嘗試以下方法：1. 確認App已更新到最新版本 2. 重新啟動您的手機 3. 清除App快取資料。如果問題仍持續發生，歡迎來信至MMB@cathaybk.com.tw，並提供 1)問題說明及畫面截圖、2)裝置型號、3)App版本、4)身分證字號，將有專人儘速為您服務與查詢，謝謝！📱,5,2026-03-03,7.9.1301.326
國泰世華,c1ede76e-0aa2-4fdb-89a8-04872ebeca52,Fancia Cheng,1,初次登入要開數位帳戶，一路到完整資料填寫完後突然出現身分證字號與前面不符，跳出後重新進入就在最前面的身份驗證環節出問題了，資料明明就是對的，但一直出現個人資訊輸入錯誤請重新輸入，卸載後重新安裝也是一樣卡住,您好，感謝您的評論！因開戶問題涉及個人資料，歡迎您來電客戶服務專線(免付費電話)0800-818-001，或來信至MMB@cathaybk.com.tw，並提供1)問題說明及畫面截圖、2)裝置型號、3)App版本、4)身分證字號，我們將有專人儘速為您服務與查詢，謝謝！😊,2,2026-03-01,7.9.1301.326
國泰世華,e44273bc-8ac8-432a-bfc8-ac0c2205638f,くみほ,5,畫面簡潔操作方便，而且不只信用卡有安全鎖，簽章金融卡也有，如果可以提供黃金價格走勢就更完美了（得寸進尺😂,謝謝您的好評與支持！我們會持續努力為您提供更優質的服務體驗😊。關於黃金價格走勢的建議，我們會將您的反饋轉達給相關團隊，作為未來優化的參考方向。我們會持續努力改善，讓您有更好的使用體驗！,10,2026-02-28,7.9.1301.326
國泰世華,5453ae80-c07c-49ac-aba2-c214890b6bdd,韋志璨,3,尚可,您好，感謝您的評論！。若在使用過程中有任何建議或遇到問題，都歡迎隨時告訴我們，我們會持續優化服務，希望能為您帶來更好的體驗。也期待未來能獲得您更高的評價！謝謝您的支持😊,0,2026-02-26,
國泰世華,ee2fe64e-f00e-44da-ad7a-1946e429cb13,ling lin,5,good,謝謝您的好評與支持！我們會持續努力為您提供更優質的服務體驗😊,0,2026-02-25,7.9.1301.326
國泰世華,66d9ab05-5dc1-4d3a-952e-bae16075baba,林志毅,5,保護功能強大。,您好，感謝您對我們 CUBE App 的支持與肯定！我們非常重視用戶的資訊安全，致力於提供完善的保護機制，讓您能安心使用各項服務。未來我們也會持續優化，為您帶來更好的使用體驗，如有任何問題或建議，歡迎隨時與我們聯繫！😊,0,2026-02-25,7.9.1301.326
國泰世華,d00ffe48-fd73-43a4-9e66-c32348ee6c93,龔柏州,1,年消費2萬多，還要年費.......,謝謝您的評論！本行信用卡種類眾多，各卡別的年費收取標準不同，建議您可以至國泰世華官網查詢您持有卡別的年費標準，或評估是否有更適合您消費習慣的卡別。若使用上有任何問題，歡迎來信至MMB@cathaybk.com.tw，並提供 1)問題說明及畫面截圖、2)裝置型號、3)App版本、4)身分證字號，將有專人儘速為您服務與查詢，謝謝！💳,0,2026-02-23,7.9.1301.326
國泰世華,868d4a76-d097-437e-8447-d2eccd61fdb8,李已成,5,讚,謝謝您的支持與肯定！我們會持續努力為您提供更優質的服務體驗😊,0,2026-02-20,7.9.1301.326
國泰世華,59dc3b61-f271-4522-8aa6-1748a7e55ebd,Frank Lin,2,網路銀行裡的綜合對帳單在Android與iOS環境下均無法下載，已經試過Sony， 紅米，三星，iPhone17 等手機。,您好，感謝您的反映！目前綜合對帳單服務僅開放於網路銀行（網頁版）申辦及查詢，APP版行動銀行尚未提供此功能。建議您透過手機或平板的瀏覽器登入網路銀行網頁版進行查詢與下載。若操作上仍有問題，歡迎來信至MMB@cathaybk.com.tw，並提供 1)問題說明及畫面截圖、2)裝置型號、3)App版本、4)身分證字號，將有專人儘速為您服務與查詢，謝謝！💡,0,2026-02-15,7.9.1301.326
國泰世華,f67962ea-10dd-4ef0-b434-f2e1678ce58c,ZON,3,為什麼登入常說我帳號密碼有誤？我才沒多久去ATM辦過又這樣,您好，謝謝您的反饋。針對您提到登入時顯示帳號密碼錯誤的問題，建議您可以先確認以下幾點：1) 確認輸入的代號及密碼是否正確，注意大小寫及特殊符號；2) 若多次確認後依然無法登入，可透過以下方式重設密碼：持國泰世華銀行晶片金融卡至ATM重新申請，或透過CUBE App在登入頁面選擇【忘記代號/密碼】，選擇【視訊客服】或【人臉辨識】進行驗證重設。若問題持續發生，歡迎來信至MMB@cathaybk.com.tw，並提供1)問題說明及畫面截圖、2)裝置型號、3)App版本、4)身分證字號，將有專人儘速為您服務與查詢，謝謝！😊,0,2026-02-14,7.9.1301.326
國泰世華,d0030445-d6b2-4150-b7a0-f9beea260aff,嚴士欽,5,網路銀行無法出現登入畫面 play商店解除更新後可登入,"您好，感謝您的回饋！很高興您透過解除 Play 商店的更新後已能順利登入使用。關於 Play 商店更新版本影響 App 登入的問題，我們正在積極調查並改善相容性，也會持續優化使用體驗。非常感謝您提供的寶貴資訊，這對我們修復問題很有幫助！若後續使用上有任何狀況,歡迎隨時與我們聯繫。祝您使用愉快！😊",0,2026-02-13,7.9.1301.326
國泰世華,7214c995-f160-44af-834a-66c7dcff4eae,林品家,5,使用很方便,您好，非常感謝您的正面評價！我們會繼續努力，為您提供更優質的服務。感謝您對我們的支持！,0,2026-02-13,7.9.1301.326
國泰世華,81aa084c-129a-47de-b3de-763a86a093b5,Hsu Jessie,3,"手機作業系統和國泰APP都更新過了，但依舊開不了APP,一直開不了導致無法繳卡費！","您好，感謝您的留言。了解您更新後仍無法開啟APP並影響到繳卡費，造成您的困擾。建議您可以先嘗試以下步驟：

1) 將 CUBE App 完全移除後重新安裝
2) 確認您的網路連線是否穩定
3) 檢查裝置是否有足夠的儲存空間

若問題仍持續發生，歡迎來信至MMB@cathaybk.com.tw，並提供 1)問題說明及畫面截圖、2)裝置型號、3)App版本、4)身分證字號，將有專人儘速為您服務與查詢。

為避免影響繳款時效，您也可以先透過以下替代方式完成繳費：
CUBE網路銀行：登入即可查詢帳單並繳款
電子帳單Email：每月寄送的帳單中附有QR Code，可直接掃描完成繳款

希望能儘速協助您解決問題！",1,2026-02-12,7.9.1301.326
國泰世華,73bc6e81-3138-489f-b3be-b3b1fafeeb81,Ting,2,拜託你們把離開app再回來就會自動跳首頁這個超爛設定改掉好嗎？ 真的要因為這個設定變成最不方便的app了。 從開戶，到申請開通任何功能，到轉帳，到對帳，只要順手跳出去確認資料，回來全部東西都要重打，或是在簡訊驗證碼的地方，一跳出去全部重打，已經不曉得被搞多少次了。 其他家銀行除了星展目前沒看過哪家跟你們一樣用這種設定，非常建議捨棄這個設定，或是能在app裡面自己調整，拜託了，謝謝,您好，感謝您的寶貴意見！我們理解當您切換App後需要重新輸入資料確實會造成使用上的不便。這項安全機制是為了保護您的帳戶資訊，但我們也非常重視您的使用體驗。您的建議對我們來說非常重要，我們會將您的反饋轉達給相關團隊，作為未來優化的參考方向。我們會持續努力改善，讓您有更好的使用體驗！,6,2026-02-12,7.9.1101.318
國泰世華,a9eff388-b70d-485a-9561-3d4add74a6e2,ysc ko,1,國泰世華數位帳戶轉帳把關很嚴密，嚴密到轉不了帳。今天家人數位帳戶約定轉帳被鎖掉了，原本約定的帳號都還在，點選之後就是轉不了，一直跳出要開啟非約定轉帳畫面。 試了很多次都一樣，只好臨櫃問是什麼回事？服務人員一再跳針說一定是操作app不慎關掉了！問題是app有關掉約定轉帳功能嗎？當然是沒有，最後也是在現場連線到總公司線上認證才恢復正常。 原本使用好好的突然被鎖掉，感覺很恐怖，如果再發生會考慮放棄使用國泰世華帳戶。,您好，感謝您的回饋！若使用上有任何問題，歡迎來信至MMB@cathaybk.com.tw，並提供 1)問題說明及畫面截圖、2)裝置型號、3)App版本、4)身分證字號，將有專人儘速為您服務與查詢，謝謝！,8,2026-02-11,7.9.1301.326
國泰世華,4ded6c89-0fbf-41c6-8420-63982d27bf81,白明嘉,1,好幾個月了到現在，app根本不能進入，是怎樣……,"您好，感謝您的反馈。針對您長時間無法進入App的問題，我們深感遺憾造成您的不便。建議您可以先嘗試以下步驟：
1. 確保您的手機作業系統和CUBE App均已更新至最新版本
2. 嘗試卸載App後重新安裝
3. 檢查手機儲存空間是否充足及網路連線是否穩定

如果您已嘗試上述方法問題仍未解決，歡迎來信至MMB@cathaybk.com.tw，並提供 1)問題說明及畫面截圖、2)裝置型號、3)App版本、4)身分證字號，將有專人儘速為您服務與查詢，我們會全力協助您盡快恢復正常使用！",0,2026-02-11,
國泰世華,f8c12063-2406-4317-8890-e291fa437a2c,郭冠廷,2,立即繳款點下去只會跳出官網也找不到相關 根本騙人沒這功能,您好，感謝您的回饋！若使用上有任何問題，歡迎來信至MMB@cathaybk.com.tw，並提供 1)問題說明及畫面截圖、2)裝置型號、3)App版本、4)身分證字號，將有專人儘速為您服務與查詢，謝謝！🙏,0,2026-02-10,7.9.1301.326
國泰世華,3971ea24-5645-431b-94ca-0ca25ae4ebb9,B QQ,1,跟別家比轉帳手續費優惠輸慘慘，轉個錢還要被收手續費體驗很差，用這麼多數位帳戶都沒被收過都有用不完的轉帳優惠超方便,您好，謝謝您的回饋。關於免轉帳手續費的優惠會依據活動公告進行，有關詳細的活動變更或優惠政策，可以查看官方網站或活動網頁以獲取最新的資訊。目前我們有舉辦不同類型的跨轉優惠活動，例如CUBE卡存戶任務優惠，您可以完成指定任務來享受跨轉免手續費的優惠。若您還有其他使用上的問題，歡迎來信至MMB@cathaybk.com.tw，我們有專人願意為您服務。祝您順心😊！,3,2026-02-10,7.9.1301.326
國泰世華,7e32129e-c101-4abe-b2f1-ec322a3a45b7,Mandy Wu,1,一個超過三個月以上都登不進去的app，到底是發生什麼事？,"您好，感謝您的評論。針對您提到長期無法登入的情況，我們建議您以下幾個方式嘗試：
確認您的手機作業系統和CUBE App是否已更新至最新版本，以確保功能正常運行。
嘗試卸載並重新安裝App，檢查是否有解決此問題。
若問題仍未解決，請來信至客服信箱MMB@cathaybk.com.tw，並提供 1)問題描述及畫面截圖、2)手機型號、3)App版本、4)身分證字號，我們將有專人儘速協助您查詢與解決。
期待您的來信，謝謝！✨",1,2026-02-10,7.9.1301.326
國泰世華,d81e05dc-80e3-4080-8377-6b47956a0fac,屁王,5,good,您好，非常感謝您的正面評價！我們會繼續努力，為您提供更優質的服務。感謝您對我們的支持！😽🎉,0,2026-02-08,7.9.1301.326
國泰世華,466427f3-5ece-4f61-af1c-15333c98472d,楊永泰（阿歪）,4,讚,您好，感謝您對國泰世華APP的支持和喜愛！我們會繼續努力提供更好的功能和體驗給您！如有任何建議或需求，歡迎隨時告訴我們哦！😊,0,2026-02-06,7.9.1001.308
國泰世華,4a59b25d-29cd-462d-8be9-1a36e5a722f5,澄星,1,提升個額度與帳號升級 連續四次全部都被拒絕 不想賺證券的手續費了是吧？那好 我換別家,您好，感謝您的提問與反饋。針對提升額度與帳號升級問題，若使用上有任何困難，歡迎來信至MMB@cathaybk.com.tw，並提供 1)問題說明及畫面截圖、2)裝置型號、3)App版本、4)身分證字號，我們的專業團隊將儘速為您服務與查詢。感謝您的耐心與支持！😊,1,2026-02-05,7.9.1301.326
國泰世華,62f18298-837e-4528-be0d-f3ad84ebab61,林瑞貞,5,還不錯,您好，感謝您的評論與支持！我們會持續努力優化APP，希望能為您提供更好的使用體驗。祝您使用愉快 😊,0,2026-02-03,7.9.1301.326
國泰世華,8619d4af-648c-4e50-8418-b1ac9d2f8adb,Amy Yu,4,2026-02-02凌晨使用信用卡線上付款失敗，猜想應該是［國泰世華銀行系統維護］，希望工程師維護前都能設提前告知，避免臨時刷卡失敗的窘境，謝謝,您好，感謝您提出的建議！針對您提到系統維護可能影響線上付款的情況，目前我們無法得知維護通知的詳盡安排。我們會將您的建議提交給相關團隊，以供未來優化參考。如您在操作上有任何問題，歡迎來信至 MMB@cathaybk.com.tw，提供相關資訊，我們將有專人為您解答。謝謝！🙂,0,2026-02-02,7.9.1301.326
國泰世華,bd4db333-bdfb-4896-808e-903642cad31b,陳于萍,1,之前的app比較好用，現在連信用卡金額都看不到，超誇張,您好，感謝您的回饋！如果您最近在使用App時無法看到信用卡金額，建議可以嘗試重新登入或更新到最新版本看看是否會改善問題。若問題仍無法解決，歡迎來信至MMB@cathaybk.com.tw，並提供1)問題說明及畫面截圖、2)裝置型號、3)App版本、4)身份證字號，我們將有專人為您協助與查詢。期待幫助您順利使用！😊,0,2026-02-01,7.9.1301.326
國泰世華,beefa423-8af0-4774-832f-0232c31bd13d,皇小姐,1,2026.2.1沒法按啟用,您好，感謝您的提問。建議您先確認手機操作系統及App版本是否為最新版本，並檢查您的網路連線狀態及儲存空間。如果仍無法解決，歡迎您來信至MMB@cathaybk.com.tw，並提供1)問題說明及畫面截圖、2)裝置型號、3)App版本、4)身分證字號，我們將有專人協助您處理問題。希望可以幫助您順利解決！😊,0,2026-02-01,7.8.1601.290
國泰世華,a7af2901-40ef-41e2-9bd1-35d7de2f9eac,L L,1,"超難用的app, 想找個外幣定存的icon都找不到，爛斃...","您好，感謝您提供寶貴的回饋！若您在使用國泰世華CUBE App時找不到外幣定存相關功能，
請確認 App 已更新至最新版本，並於帳務總覽頁點選""外幣總額""，進入外幣存款頁面，下滑即可檢視""外幣定期存款""。感謝您的支持！希望您使用愉快！😊",0,2026-02-01,
國泰世華,1188a7e6-59ba-4f15-93bf-ce3b5a6e5932,林振良,1,說是綁Line pay領劵刷8次有3%回饋，結果沒有……說是綁全支付領劵刷有3%……也沒有……真無言,您好，感謝您寶貴的評論，我們了解您的不便，我們會將您的建議轉達給內部團隊。祝您有美好的一天😊,2,2026-01-29,7.9.1301.326
國泰世華,d54188d9-10cd-4565-ba99-6cca6c3dd402,8630 L,5,定存出帳日期排序要能選擇,您好，感謝您寶貴的評論，我們了解您的不便，我們會將您的建議轉達給內部團隊。祝您有美好的一天😊,0,2026-01-29,7.9.1301.326
國泰世華,45e948bb-19b1-4188-b89f-195b8454e7e6,Google 使用者,1,繳水費帳單沒有銷帳編號,謝謝您的回饋，祝您有美好的一天：）,1,2026-01-29,7.9.1301.326
國泰世華,9b840c70-349c-4459-9715-d09164a5888b,Amelia Chen,1,機器人耳朶反應很爛,您好，感謝您的意見。如您在使用中遇到任何困擾，建議您來信至MMB@cathaybk.com.tw，並提供1)問題說明及畫面截圖、2)裝置型號、3)App版本、4)身分證字號，我們將有專人儘速為您服務與查詢，謝謝！🙌,0,2026-01-27,7.9.1301.326
國泰世華,1f6139bd-f29f-4365-a6da-05f3c57f84d1,張佳容,1,更新前一直卡在啟動頁面，更新後一樣無法開啟app，一直卡在啟動也後，通知我無法開啟請退出==,您好，感謝您分享您的問題。如果更新後仍然無法開啟 App，建議您嘗試以下步驟：1) 確認裝置連線穩定的網際網路，2) 重新安裝Cube App並確保為最新版本，3) 檢查裝置是否有足夠儲存空間以供應用程式運行。若問題仍未解決，歡迎來信至 MMB@cathaybk.com.tw，並提供問題說明及畫面截圖、裝置型號、App 版本及身分證字號，我們將由專人儘速協助您解決問題。希望您的問題能夠儘快獲得解決！😊,0,2026-01-26,7.9.1301.326
國泰世華,97348be9-ad6d-441a-9b27-f3ea6070d742,eojeel,1,線上開戶誰知道你會打電話 也不說是哪隻手機 什麼時候要打 打了響不到五秒 到底想怎樣 阿申請了第二次等一整天 又不打電話了 第三天照樣死不打 然後又要拖到六日 說甚麼不算工作天 禮拜一再跟我說不行是嗎 那要線上開戶的功能是要幹嘛 他媽浪費別人時間 不要再浪費我的時間了國泰 行不行辦就直接通知好不好 三個工作天的時間今天第幾天了 你們人都在擺爛是不是 唉動不動就開戶失敗 我已經不抱期待了 不想給人家開戶就別用線上開戶功能騙人可以開戶 國泰辦事這點程度還是別開了 可悲公司 現在都要靠關係靠認識的有在國泰裡面做的人幫忙才能開的了戶是嗎 要那麼白痴 還是專心做保險就好了不用再搞銀行了,您好，感謝您寶貴的評論，我們了解您的不便，我們會將您的建議轉達給內部團隊。若您仍無法完成開戶或有其他疑問，歡迎來信至MMB@cathaybk.com.tw，並提供問題說明及必要資訊，我們將有專人盡快為您協助處理。感謝您的耐心與理解！,0,2026-01-26,7.9.1301.326
國泰世華,742147b5-ed1a-497a-93e7-0675b14ce891,張家俊,5,讚,您好，感謝您對國泰世華APP的支持和喜愛！我們會繼續努力提供更好的功能和體驗給您！如有任何建議或需求，歡迎隨時告訴我們哦！😊,0,2026-01-25,7.9.1301.326
國泰世華,de798357-ca4a-415b-9e06-e9ccf7770a94,盧政惠,5,方便快速,您好，感謝您對我們APP的支持與肯定！祝您有美好的一天 😊,0,2026-01-23,7.8.1401.282
國泰世華,7f7eaf1b-ad0b-4285-b8b4-e4ccc8f05bae,徐泓澂,1,APP已經無法使用很久了，無法查詢及繳費，造成使用者很大的困擾🤬,您好，感謝您分享使用上的情況。有留意到您已多次反映無法使用，可能有特定或特殊的原因導致。為提供更直接有效的幫助，建議您可來信至MMB@cathaybk.com.tw，並提供 1)使用APP的所在國家、2)裝置型號、3)App版本、4)身分證字號，我們將有專人儘速為您服務與查詢，謝謝！希望能盡早為您排除使用上的不便,2,2026-01-21,7.9.1301.326
國泰世華,a1264b43-32cb-44e0-b047-729f047cda9d,SJ Tai,4,建議 定存的清單裡希望可以多塞到期日 最好是依到期日排序，讓使用者一眼知道哪一個是最近要到期的項目,您好，感謝您的建議！我們會將您的意見轉達給開發團隊，作為優化功能的參考，以提升使用體驗。若有其他問題或建議，歡迎隨時與我們聯繫，祝您使用愉快！😊,6,2026-01-21,7.9.1301.326
國泰世華,0d9bd299-a148-42a9-a36d-da7c5cecf21d,李榮根,5,安全的系統,您好，感謝您對我們安全系統的肯定！😊,0,2026-01-20,7.9.1301.326
國泰世華,5d3b9826-0d09-4690-9e64-a8f15cb789d2,施泰俊,5,建議可以在各個活存帳戶顯示該帳戶目前利率,您好，是個很好的建議！我們會將您的建議提交給開發團隊作為未來改進的參考。若您有其他問題或需要進一步協助，歡迎隨時聯繫我們。祝您使用愉快！😊,1,2026-01-16,7.9.1301.326
國泰世華,24650e9c-494b-4046-a745-e19859f838ea,英泳業業,1,難用，一堆設定都要視訊視訊的，超級麻煩,您好，感謝您的反饋！對於需要進行視訊驗證的流程，我們了解您的不便。視訊服務的主要目的是為了提高交易的安全性，希望能為您提供保護。我們會持續優化這部分的體驗，若有其他問題或建議，歡迎來信至MMB@cathaybk.com.tw，我們會竭盡所能協助您。希望能為您帶來更好的使用體驗！😊,0,2026-01-15,7.9.1301.326
國泰世華,7f9ce6b7-1412-4183-bb3a-3af424325c28,Hau Smile,1,忘記帳號密碼 線上辦理方式app會跳回主畫面根本不能用，爛死了,"您好，感謝您的反饋。若要重設帳號或密碼，您可以嘗試透過以下方式解決：
在CUBE App登入頁面點選【忘記代號/密碼】→
1.若已註冊人臉辨識功能，可選擇【人臉辨識】進行驗證並重設密碼。
2.或選擇【視訊客服】進行簡訊OTP驗證及身分證資料驗證即可重設密碼。

若您操作過程中仍然出現問題，或無法完成操作，建議您來信至MMB@cathaybk.com.tw，並提供1)問題說明及相關畫面截圖、2)裝置型號、3)App版本、4)身分證字號，將有專人儘速為您服務與查詢，謝謝！📱😊",1,2026-01-15,7.9.1301.326
國泰世華,0f5dce7b-8f51-4574-9b70-d09cd2c5900f,Wind,5,什麼時後才加入轉帳顯示對方戶名？ 其他間銀行可以，為什麼國泰不可以,您好，請更新到7.9.1301，此版本以新增顯示收款人戶名功能。感謝您對我們服務的關注。若有其他問題或建議，您也可以來信至 MMB@cathaybk.com.tw 與我們聯繫。謝謝您的支持！🤝,2,2026-01-15,7.9.1301.326
國泰世華,81c21563-b6c9-4345-9cba-2cd6203ebdfa,Bill,1,App好用 但是現在交易手續費沒有優惠次數了 考慮要換家了,您好，感謝您的反饋！可以透過我們的官網或APP 優惠券頁面了解最新的推廣活動。不定期會有也有不同類型的跨轉優惠活動，可以透過完成指定任務來享受免手續費的優惠。若您有其他問題或需要協助，歡迎來信至 MMB@cathaybk.com.tw，將會有專人為您服務😊！,0,2026-01-13,7.5.4.420
國泰世華,e6872d67-55cb-4093-85b3-54f044457ccf,shih yuan kao,1,投資總覽、基金完全無法開啟和使用,您好，目前投資總覽或基金功能正常，請您重新再試。若您持續遇到無法開啟的情況，建議您可先嘗試更新App至最新版本，或重新啟動查看是否恢復。若問題仍持續，歡迎來信至MMB@cathaybk.com.tw，並提供 1)問題說明及畫面截圖 、2)裝置型號、3)App版本、4)身分證字號，將有專人儘速為您服務與查詢，謝謝！😊,0,2026-01-13,7.9.1201.324
國泰世華,88179ece-ba7a-4fc1-a46a-6d801526edda,Google 使用者,1,"1.轉帳失敗卻是錢有出錢??超扯 2.一直出現要重開app,什麼才能用 3.頁面很卡，超難用，換頁、回上頁都會loading一下,以為自己是在網頁系統了，另外請拿掉那些早安午安再見好嗎，浪費時間的頁面","您好，若您發生轉帳失敗但顯示已扣款，請來信至 MMB@cathaybk.com.tw，並提供 1)問題說明及相關畫面截圖、2)裝置型號、3)App版本、4)身分證字號，我們將有專人協助查詢。
如頻繁出現需要重啟App的情況，建議確認設備是否使用最新版本的App和作業系統，並嘗試卸載後重新安裝。
至於頁面卡頓及用戶介面的建議非常寶貴，我們會將此回饋提交至相關團隊來進一步優化您的使用體驗。謝謝您的耐心與支持，有問題請隨時聯繫我們！😊📲",28,2026-01-12,7.9.1201.324
國泰世華,a6870cb8-7e3c-4d05-9573-f642905ebfd5,黃小魚,1,已經刪除再重新下載了，還是無法成功開啟App,"您好，感謝您的留言。若您已經刪除並重新下載App但仍無法成功開啟，建議您檢查以下步驟：
1) 確認裝置的系統版本是否為iOS 14.0或以上。
2) 確認您的設備已連接到穩定的網際網路。
3) 重新啟動您的裝置。
如果問題仍未解決，歡迎來信至MMB@cathaybk.com.tw，並提供1)問題說明及畫面截圖、2)裝置型號、3)App版本、4)身分證字號，我們將有專人儘速為您服務與查詢，謝謝！😊",4,2026-01-11,7.9.1201.324
國泰世華,7f8af115-7346-4ef8-92d6-8abba1187ae0,吳建廷,1,卡友權益越來越少縮水 1月1號開始 level 2莫名變成level 1 爛透了,"您好，關於權益等級2026並未調整，Level 2 條件定義與說明：
(1)以CUBE App繳納本行本人信用卡費：限使用本行本人帳戶繳納本行本人信用卡費（不含透過超商、ATM或他行轉帳功能之繳費），以每月首日至當月底3個工作日前任一筆交易成功為準。
CUBE App繳費路徑:主頁->繳費->繳費項目->信用卡費->本人國泰世華信用卡->選擇國泰世華銀行本人帳戶繳款)
(2)申請自動扣繳本行本人信用卡費：限使用本行本人帳戶自動扣繳本行本人信用卡費，限於每月底3個工作日
若您以符合以上條件，需進一步確認，歡迎來信至客服信箱 MMB@cathaybk.com.tw，並提供您的身分證字號，將由專人為您查閱檢視。謝謝！",2,2026-01-10,7.9.1201.324
國泰世華,4e60ffdd-c846-408c-99a4-854f4c52b7a7,H. LaLa,1,"和之前評論的使用者 Tom 相同狀況。一直卡在啟動頁,無法跳轉至app首頁做登入,機型 Samsung Note10+。手機及App皆為當下最新版本,網路連接正常,手機儲存空間尚有一百GB以上;依序經過卸載、重新開機、 重新下載安裝,已經可以正常登入;惟全部安全設置都需要重來(非常困擾!!!!), 且不時會再發生前述狀況。(((麻煩請盡快協助確認 Samsung Note10+ 為何會有此狀況﹐謝謝 ))) --------------------------------------- 2026.01.08 卡在啟動頁面的問題還是存在﹐每次都要手機重新開機﹐才能順利進到登入畫面。 到底何時才要解決？！",您好，感謝您反映的問題，也感謝您的耐心。針對NO10+手機無法開啟APP的問題，造成您的不便非常抱歉。您可以先嘗試以下方式，多位用戶回報可恢復正常使用： 1) 移除 Cube App 2) 前往：設定 → 應用程式 → Google Play 商店 → 應用程式資訊 → 點擊右上角「⋯」 → 解除更新 3) 重新開機後，再重新安裝 Cube App。 若仍有問題，歡迎隨時留言告訴我們，我們會盡力協助，也會持續更新進度，期待能讓您盡速恢復正常使用！,29,2026-01-08,7.9.1201.324
國泰世華,dbb557da-723b-46f6-a33f-28ba0625f024,Ora僑,1,完全打不開卡在起始畫面，從上次反應到現在已經過了好久，但 ， 寄了信也完全沒收到回覆，現在還是打不開！！！ 已經卸載重新安裝多次還是一樣 看到好多則一樣的問題，官方真的有想解決嗎？還是因為只有Note10+的用戶不能用，所以不想處理？？這個修復速度也太慢了吧,您好，感謝您反映的問題，也感謝您的耐心。針對NO10+手機無法開啟APP的問題，造成您的不便非常抱歉。您可以先嘗試以下方式，多位用戶回報可恢復正常使用： 1) 移除 Cube App 2) 前往：設定 → 應用程式 → Google Play 商店 → 應用程式資訊 → 點擊右上角「⋯」 → 解除更新 3) 重新開機後，再重新安裝 Cube App。 若仍有問題，歡迎隨時留言告訴我們，我們會盡力協助，也會持續更新進度，期待能讓您盡速恢復正常使用！🔧,28,2026-01-07,7.9.1201.324
國泰世華,5a5a3dd0-46cd-4efc-9a08-45ed5a8398f7,Ray,1,我是NO10+的手機，1月5號整天都無法開啟APP，要使用APP查詢餘額或轉帳什麼都不行，都已經更新到最新版了。前面12月31日已經有同為NO10+的手機用戶無法登入了，都過了那麼久的時間問題還是沒解決，真的是有夠爛的爛🤬。,"您好，感謝您的留言與耐心。針對NO10+手機無法開啟APP的問題，造成您的不便非常抱歉。您可以先嘗試以下方式，多位用戶回報可恢復正常使用：
1) 移除 Cube App
2) 前往：設定 → 應用程式 → Google Play 商店 → 應用程式資訊 → 點擊右上角「⋯」 → 解除更新
3) 重新開機後，再重新安裝 Cube App。
若仍有問題，歡迎隨時留言告訴我們，我們會盡力協助，也會持續更新進度，期待能讓您盡速恢復正常使用！🔧",4,2026-01-05,7.9.1201.324
國泰世華,adcea970-3ecd-4ea2-ad1e-a421732b21cc,Han-Ru Wu,1,完全無法登入，重新下載安裝也是一樣，手機容量也很充足，網路wifi及行動網路都不行，快取記憶體也全部清過了，還有其他方法嗎？ 或是手機型號Samsung note10+太低階沒資格使用此app？,"您好，謝謝您的提問， 目前確實有部分 Note10+ 的用戶遇到無法進入 App 的情況，造成您的不便非常抱歉。您可以先嘗試以下方式，多位用戶回報可恢復正常使用：
1) 移除 Cube App
2) 前往：設定 → 應用程式 → Google Play 商店 → 應用程式資訊 → 點擊右上角「⋯」 → 解除更新
3) 重新開機後，再重新安裝 Cube App。
若仍有問題，歡迎隨時留言告訴我們，我們會盡力協助，也會持續更新進度，期待能讓您盡速恢復正常使用！🔧",2,2026-01-05,7.9.1201.324
國泰世華,03cec7ff-4b7c-43f1-9af7-b6fc350ac3ec,蔡佩嬈,1,網頁根本開不起來，真的很爛。 常常這樣，太誇張了吧。,您好，感謝您的反饋。我們很重視您的意見，建議您先檢查您的裝置是否已連接穩定的網際網路，並確認系統與App版本皆是最新的。如果問題仍然存在，歡迎您來信至我們的客服信箱 MMB@cathaybk.com.tw，並提供 1)問題說明及畫面截圖、2)裝置型號、3)App版本、4)身分證字號，我們將有專人儘速為您服務與查詢。希望能協助您改善使用體驗！📲,1,2026-01-05,7.9.1201.324
國泰世華,80e4073a-32a0-4b47-80e7-cf029aac90b0,womg ujl0531,5,不錯,您好，感謝您對我們APP的支持與肯定！祝您有美好的一天 😊,0,2026-01-05,7.9.1201.324
國泰世華,6121056d-abec-4ba3-a78a-4bf90d4068f9,Mesh Wu,5,客服體驗好，app 好用。,"您好，感謝您留下寶貴的評論與肯定。
得知您對我們的客服與 App 有良好體驗，我們感到非常榮幸。
同時也注意到您給出的一星評分，不確定是否在操作上不小心誤觸，但若有任何尚待改善之處，誠摯邀請您告訴我們。我們非常重視您的使用感受，也會持續努力，希望未來能讓您願意給我們更高的評價。
感謝您的支持，期待能為您帶來更完善的服務。😊",7,2026-01-04,7.9.1201.324
國泰世華,67c8f135-9155-47c3-be1b-b7c8a7241750,CHIOU HUA WANG,4,很少留言表達不滿，但這次太誇張，其他用戶反應一兩個月都沒有修復，客戶都不用使用點數扣除了是嗎？ 手機型號NOTE 10+，登入卡在登入動畫無法跳開進入系統，重開機、解除APP重下載安裝均無法使用，這會讓我思考是否要繼續使用這張信用卡消費。◾ 12/26更新：已於12/22依指示提供相關畫面及手機版本資料，至今尚未收到回覆。靜候佳音。 ◾115/01/01更新：經過解除google play商店的應用程式更新並重新安裝cube，終於能夠正常登入使用了，想請問為何play商店的更新版本會對使用者在app登入有影響呢？總之非常感謝。,"您好，感謝您的更新與耐心，很高興您目前已能正常登入使用。
關於為什麼 Play 商店的更新會影響 App，我們仍在進一步調查中，也持續針對特定機型（如 Note10+）的相容性問題加緊修復。非常感謝您提供的資訊，對我們定位問題非常有幫助。
若後續有任何狀況，歡迎再與我們聯繫，我們會盡力協助！😊",3,2026-01-01,
國泰世華,1bd7d7aa-2f58-4483-a84a-fa85d367ef02,盧綱,1,看評論好像進不去的都是Note 10+（我也進不去） 我懷疑管理員沒用該手機沒測試,"您好，感謝您的留言與回饋。
目前確實有部分 Note10+ 的用戶遇到無法進入 App 的情況，我們已在積極調查並持續修復相容性問題，造成您的不便非常抱歉。在正式修復完成前，您可以先嘗試以下方式，多位用戶回報可恢復正常使用：
1) 移除 Cube App
2) 前往：設定 → 應用程式 → Google Play 商店 → 應用程式資訊 → 點擊右上角「⋯」 → 解除更新
3) 重新開機後，再重新安裝 Cube App
若仍有問題，歡迎隨時留言告訴我們，我們會盡力協助，也會持續更新進度。🔧",2,2025-12-31,7.9.1201.324
國泰世華,ae3e221e-8fca-40bc-8eba-3b1111eb2c5a,陳柏佑,1,"⚠️希望可以有即時匯率的桌面小工具(2024/7/5, 2025/2/24, 2025/5/1, 2025/5/20,2025/9/8,2025/12/22,2025/12/30) 這功能有這麼難嗎 永豐都有了……",您好，感謝您的寶貴意見！我們會將您的建議轉達給內部開發團隊，並考慮在未來的更新中加入此功能。若您有其他任何問題或建議，歡迎隨時來信至 MMB@cathaybk.com.tw，謝謝！,2,2025-12-30,7.9.1201.324
國泰世華,9dec4a9e-b313-4e4d-bf79-f1e18f701f68,張家旗,1,2025/12/29 複委託款扣款可以加上明細嗎？ 不然都不知道是哪一個？ 可以把收入跟扣款，用不一樣的顏色區分嗎？每次記帳很容易看錯，中信，台新的銀行App都有,謝謝您的回饋，團隊將會納入後續優化參考。祝您有美好的一天：）,2,2025-12-29,7.9.1201.324
國泰世華,1d32fd70-32fc-489f-bd4a-02cee693dba2,沙耶々,1,一天到晚要別人移除app 重設交易碼 是有什麼毛病,您好，感謝您分享您的看法。如需重新設置交易認證碼，是為了確保您的資料安全。如果在使用上有任何問題或不便之處，我們非常願意協助。您可以來信至 MMB@cathaybk.com.tw，並提供：1) 問題說明及畫面截圖、2) 裝置型號、3) App 版本、4) 身分證字號，我們的團隊將儘速為您服務。感謝您的理解與支持。,2,2025-12-26,7.7.1001.206
國泰世華,568cbd8b-8a6e-4a5b-b441-b9251aa7ed9d,林,1,國泰世華線上真的是爛到比官股還爛，我都改名10年了！！！存摺都更名10年了！金融卡寄過來還是舊名子？？？信用卡也是，打給客服說會處理，再寄一張，還是舊名，我直接剪卡，連用戶換名字都通知了，還改不了🤷,您好，感謝您反映此問題。若您的名稱已更改但金融卡與信用卡上的名稱仍未更新，建議您親至國泰世華分行辦理資料更新，若您在此過程中需要進一步協助，請來信至MMB@cathaybk.com.tw，我們的專人將竭誠為您服務。希望能儘快為您解決問題。,53,2025-12-26,7.9.1201.324
國泰世華,2a48f548-be7b-4add-bc41-41c1bbac9147,John Wang,1,非常爛的客服,您好，感謝您分享您的意見。若您在使用我們的服務時遇到任何問題，歡迎來信至MMB@cathaybk.com.tw，並提供1)問題說明及畫面截圖 、2)裝置型號、3)App版本、4)身分證字號，我們將有專人儘速為您服務與查詢。您的反饋對我們十分重要，期待能為您提供更好的服務！😊,1,2025-12-25,7.9.1201.324
國泰世華,2f7197a7-128e-4ebd-9324-7f73cfe9f3e9,jr liou,3,我的手機是三星折疊機，它的安卓系統是16，它每次要進入國泰的APP的時候，生物判別完畢之後他他都會叫叫我說裝置不在名單內。又要重新認證發短訊給我，其他的家 金控APP通過生物認證之後就直接進入了，不會有這個要重新認證裝置的問題。 可以幫我解決這個問題嗎？,"您好，很抱歉造成使用上的困擾，因為我們的「登入兩步驟驗證」安全機制設計得比其他金融機構更嚴謹，只要裝置還沒加入信任名單，系統就會多做一次確認，主要是希望能再多一道保護，確保您的帳戶安全。
建議您可以依以下路徑，將目前使用的手機加入信任名單，之後登入就會更順暢囉：
更多 ＞ 一般設定 ＞ 登入兩步驟驗證 ＞ 將裝置加入信任名單
如果您完成設定後仍有任何狀況，歡迎再告訴我們，我們會盡快協助您，謝謝您對我們的理解與支持。",3,2025-12-25,7.9.1201.324
國泰世華,7b430baa-8bec-43b9-88ee-d36d9550f039,CHIEN YU CHEN,1,沒有顯示登入畫面 想要切換權益方案都無法,您好，若您目前無法看到登入畫面，建議您先檢查網路連線或嘗試重新啟動您的裝置。如果問題仍然存在，歡迎來信至MMB@cathaybk.com.tw，將問題詳細說明並附上畫面截圖、裝置型號、App版本及您的身分證字號，我們將有專人儘速為您服務以解決問題，謝謝！😊,0,2025-12-24,7.9.1201.324
國泰世華,aa931c28-17e1-4e4c-af05-ef9e0158422a,吳迪,3,無法開戶啊 帳戶驗證失敗 聯邦可開嗎,您好，若使用上有任何問題，歡迎來信至MMB@cathaybk.com.tw，並提供 1)問題說明及畫面截圖 、2)裝置型號、3)App版本、4)身分證字號，將有專人儘速為您服務與查詢，謝謝！😊,0,2025-12-24,7.9.1201.324
國泰世華,89b9be0e-2056-4242-b50c-799e3d6fe44a,李永平,5,非常實用，讚啦！,謝謝您的讚美，您的支持是我們最大的動力，謝謝。,0,2025-12-24,7.9.1101.318
國泰世華,ae440caf-1ab9-4836-8ac0-acf08487e01d,Nelly Hsieh,5,建議：債券的現值跟本金要用不同顏色，目前都是綠色，不清楚 建議：揭露更多數據給集保，如基金，存款、複委託股票 建議：新增功能，能按信用卡刷卡金額排序，方便對大筆的帳,您好，感謝您的建議！如果您有其他問題或需要進一步協助，歡迎隨時與我們聯繫。😊,34,2025-12-23,7.9.1201.324
國泰世華,f76fc766-f706-4514-a435-d6a979adbee9,葉枝清,1,不愉快的經歷,您好，感謝您分享您的意見。若您在使用我們的服務時遇到任何問題，歡迎來信至MMB@cathaybk.com.tw，並提供1)問題說明及畫面截圖 、2)裝置型號、3)App版本、4)身分證字號，我們將有專人儘速為您服務與查詢。您的反饋對我們十分重要，期待能為您提供更好的服務！,0,2025-12-23,
國泰世華,de51c306-37fc-401e-81b8-4b8918a3f4f7,吳美慧,3,更新後，無法進入,您好，目前連線狀態正常，若您持續遇到此問題，請您提供 1) 常會卡住的畫面、2) 手機系統版本號，來信至客服信箱 MMB@cathaybk.com.tw，我們將有專人為您服務，祝您有美好的一天，謝謝,0,2025-12-22,7.9.1101.318
國泰世華,0a51b001-afee-4de9-959d-c6e84b021fbf,黃莉婷,3,更新完後一直打不開程式,您好，目前連線狀態正常，若您持續遇到此問題，請您提供 1) 常會卡住的畫面、2) 手機系統版本號，來信至客服信箱 MMB@cathaybk.com.tw，我們將有專人為您服務，祝您有美好的一天，謝謝,1,2025-12-22,7.9.1101.318
國泰世華,c3790a03-65e2-43d9-82b6-d1cc4fc58cdd,Maggie Mei,2,強制更新後所有設定全部沒了，要重新一一設定，而且設定到交易認證碼時就一直不讓我設定，這樣是不想讓人可以轉帳的意思嗎？越改越難用，我是從一開始有網銀就在使用的老客戶，但這次更新讓人真的忍不住要留負評了,您好，為保障您的帳戶安全，申請交易驗證碼時本行採用SIM驗證加強驗身機制，驗證前須關閉Wifi且門號為五大電信。若您非上述原因仍無法啟用交易認證碼，請協助提供 [1] 您的身分證字號、[2] 您申請交易認證碼的日期，至 MMB@cathaybk.com.tw，我們將有專人為您服務，祝您有美好的一天，謝謝,0,2025-12-22,7.6.3001.190
國泰世華,9db0069a-3efe-4afc-b9ff-081eb9ef9af5,瑜兒魚兒,2,這段從我mail客服至今時間實在有夠擾民，清除快取無用，我現在要來重新下載試試。但過往使用經驗是便利優質的。但仍須知道確切原因為何這樣使APP無法登入？日後使用安全疑慮？,您好，目前連線狀態正常，若您持續遇到此問題，請您提供 1) 常會卡住的畫面、2) 手機系統版本號，來信至客服信箱 MMB@cathaybk.com.tw，我們將有專人為您服務，祝您有美好的一天，謝謝,1,2025-12-21,7.9.1101.318
國泰世華,4e55913a-3fb1-4118-bc79-aa1e493c9fa3,hancker tine,1,更新、移除重新安裝，依然無法登入,您好，目前連線狀態正常，若您持續遇到此問題，請您提供 1) 常會卡住的畫面、2) 手機系統版本號，來信至客服信箱 MMB@cathaybk.com.tw，我們將有專人為您服務，祝您有美好的一天，謝謝,1,2025-12-20,
國泰世華,dc34f5dc-87c3-4f56-b059-6cd1bef1d3f9,Gloria Pan,1,非常爛又小氣的銀行,您好，很抱歉造成您的不便，我們將持續改善與提升效能，期待能提供更優化的整體操作體驗，謝謝您的理解與支持，祝您有美好的一天。,0,2025-12-20,7.9.1101.318
國泰世華,d08bc13b-b090-49ed-8726-c82f471422bf,Mina,5,這兩天都無法登入，很多事需要處理不知道該怎麼辦？,您好，目前連線狀態正常，若您持續遇到此問題，請您提供 1) 常會卡住的畫面、2) 手機系統版本號，來信至客服信箱 MMB@cathaybk.com.tw，我們將有專人為您服務，祝您有美好的一天，謝謝,0,2025-12-20,7.9.1101.318
國泰世華,489327a4-35c3-4aeb-a16a-1f45f2ff5499,丞伶（lisa）,1,太爛了 三不五時無法登入 以照著 重新下載 關機 登入了 過幾天又卡 登不了,您好，目前連線狀態正常，若您持續遇到此問題，請您提供 1) 常會卡住的畫面、2) 手機系統版本號，來信至客服信箱 MMB@cathaybk.com.tw，我們將有專人為您服務，祝您有美好的一天，謝謝,2,2025-12-19,7.9.1101.318
國泰世華,d9fddfcb-9b18-4e19-b36b-3cc641a752a7,林淳蓁,5,服務很好,你的讚美是我們最大的鼓勵，謝謝您的回覆，祝您有個美好的一天:),0,2025-12-19,7.9.1101.318
國泰世華,4d9c99f1-a15c-48db-841b-15f5736e1a82,Tim Zou,2,為何個人資產分析點進去想看我證券投資的詳細內容（台美股）就跳出了，一直要我重新登入！？之前不會這樣啊~~請問怎麼處理？,您好，目前連線狀態正常，若您持續遇到此問題，請您提供 1) 常會卡住的畫面、2) 手機系統版本號，來信至客服信箱 MMB@cathaybk.com.tw，我們將有專人為您服務，祝您有美好的一天，謝謝：）,0,2025-12-19,7.9.1101.318
國泰世華,6d406a22-9a3b-42a9-a637-84671b41df84,chang lu,1,有夠爛登不進去,您好，目前連線狀態正常，若您持續遇到此問題，請您提供 1) 常會卡住的畫面、2) 手機系統版本號，來信至客服信箱 MMB@cathaybk.com.tw，我們將有專人為您服務，祝您有美好的一天，謝謝,0,2025-12-18,7.9.1101.318
國泰世華,c3746f72-0ee1-4f99-a27b-9ba3936b0777,王妍巧伶,1,我和上述幾位一樣，也是note10+手機，卡在同樣頁面，每次使用都要再重新下載，真的很糟糕，是專挑這款手機找麻煩嗎？,您好，目前連線狀態正常，若您持續遇到此問題，請您提供 1) 常會卡住的畫面、2) 手機系統版本號，來信至客服信箱 MMB@cathaybk.com.tw，我們將有專人為您服務，祝您有美好的一天，謝謝,1,2025-12-18,7.9.1101.318
國泰世華,61e37a08-a50a-488f-856c-492ca047f833,陳遠謀,5,介面非常好用！,謝謝您的回覆，您的支持是我們很大的鼓勵，祝您有個美好的一天:),0,2025-12-18,7.9.1101.318
國泰世華,cac845e0-58f1-473d-817b-a668e5b0b784,蔡裕煥,5,讚,您的鼓勵是我們最大的動力，謝謝您的回覆，祝您有個美好的一天。,0,2025-12-17,7.9.1101.318
國泰世華,983cc06b-f58d-4e79-8191-00fa47a49053,林靖靖,1,更新後，手機型號SAMSUNG Note 10+就無法登入app,"您好，感謝您反映更新後無法登入App的情況。建議您可以嘗試以下步驟排解問題：
確認您的手機作業系統和CUBE App是否已更新至最新版本。
將CUBE App卸載並重新安裝，然後使用帳號密碼重新登入。
如果問題仍未解決，歡迎您來信至客服信箱MMB@cathaybk.com.tw，並提供1)問題描述及畫面截圖、2)您的裝置型號（例如SAMSUNG Note 10+）、3)App版本、4)身分證字號，我們將有專人儘快為您協助處理此問題。希望您能早日解決！😊",2,2025-12-16,7.9.1101.318
國泰世華,63409b29-3585-4630-99ae-ef58a0a2fc66,黃煒婷,1,已經重新下載安裝，並清楚快取，仍然無法登入，機型一樣是Samsung Note 10+,您好，感謝您的反饋！建議您先確認手機作業系統及CUBE App是否已更新至最新版本，並檢查您的網路連線是否穩定。如果仍然無法解決問題，請您來信至我們的客服信箱 MMB@cathaybk.com.tw，並提供 1)問題說明及畫面截圖、2)裝置型號（如您的Samsung Note 10+）、3)App版本、4)身分證字號，我們將有專人為您進一步服務與查詢，謝謝！📱,1,2025-12-16,
國泰世華,4fe5d3fe-4e09-4a3b-819a-1c3ca6d6a34d,夏日的微笑,1,根本進不了 看11月3號已經有人反應了 但一直沒處理 很失望,您好，感謝您的留言。針對您提到的問題，我們非常重視且會持續努力改善。如果您仍然無法使用，請您來信至 MMB@cathaybk.com.tw，並提供 1)問題說明及畫面截圖、2)裝置型號、3)App版本、4)身分證字號，我們將安排專人儘速為您服務與查詢。謝謝您的理解與耐心！🙏✨,3,2025-12-16,7.9.1101.318
國泰世華,d63525f3-449b-4d16-8c97-3b95a7fb8fbe,L Wong,1,天天要轉帳就是要刪掉重新安裝，好瘋癲的銀行，很爛！,您好，抱歉造成您的不便。 若方便的話，是否能麻煩您來信至MMB@cathaybk.com.tw客服信箱，並於來信中詳述你的問題、裝置型號、作業系統與您的連絡方式，我們將由行動銀行團隊為您服務，謝謝,2,2025-12-15,7.9.1101.318
國泰世華,1a5a7613-dcfb-418d-b861-b3a771c93a44,Audi Chen,5,更新後11／8版本，APP卡在開啟動畫，無法進入登入畫面。 移除APP重裝無效。 重開機無效。 有方法可以退到上一個版本嗎？ 最後採用卸載重新安裝後，已經解決問題，謝謝。,"您好，感謝您反映登入問題。您可以嘗試以下步驟來解決此問題：
1. 更新App及裝置：確保您的手機作業系統和CUBE App均為最新版本，以修正已知的穩定性問題及錯誤。
2. 卸載並重新安裝App：如果更新後問題仍然存在，建議卸載再重新安裝CUBE App，安裝後請使用帳號密碼登入，並檢查快速登入設定。
3. 如果以上方法無法解決問題，請您來信至客服信箱：MMB@cathaybk.com.tw，並提供1)問題描述及畫面截圖、2)裝置型號、3)App版本、4)身分證 希望能儘快協助解決您的問題！😊",40,2025-12-15,7.9.1001.308
國泰世華,70d7a6e8-4ecb-44a8-8ba7-6d5694f9efdc,黃秀婷,5,好好,您的支持是我們的最大的動力，謝謝您的回覆，祝您有個美好的一天。,0,2025-12-15,7.9.1001.308
國泰世華,6722e284-53a2-45e2-bfdf-8276924226f2,Noel Luo,1,你們的cube信用卡刷全家便利商店結帳用的那台台新卡機常常刷不過誒，每次用apple pay不定時都卡半天可以處理一下嗎？,您好，很抱歉造成您的不便，我們將持續改善與提升效能，期待能提供更優化的整體操作體驗，謝謝您的理解與支持，祝您有美好的一天。,2,2025-12-15,7.9.1101.318
國泰世華,f7a72e7a-0050-4194-a8e6-17e7378bd962,Diane Huang,1,更新後，定存單無法依轉出帳戶作分類。無法確定到期後會匯回哪個帳戶，非常困擾。,您好，很抱歉造成您的不便，我們將持續改善與提升效能，期待能提供更優化的整體操作體驗，謝謝您的理解與支持，祝您有美好的一天。,1,2025-12-14,7.9.1101.318
國泰世華,13db040b-4c04-43b5-af95-040884c4d4f3,哲睿,1,引導極差，開個戶搞得跟無限輪迴一樣,您好，很抱歉造成您的不便，我們將持續改善與提升效能，期待能提供更優化的整體操作體驗，謝謝您的理解與支持，祝您有美好的一天。,0,2025-12-14,7.9.1101.318
國泰世華,fc8b992c-dc89-42b8-839a-b573f539a8b1,劉美秀,1,app開啟後無法進入登入畫面，卸載重新安裝也一樣,您好，目前連線狀態正常，若您持續遇到此問題，請您提供 1) 常會卡住的畫面、2) 手機系統版本號，來信至客服信箱 MMB@cathaybk.com.tw，我們將有專人為您服務，祝您有美好的一天，謝謝,2,2025-12-12,7.9.1101.318
國泰世華,f0b0b3c7-ff96-410f-a8a9-7785bcd51f9c,李雅雯,2,從12／1一直卡在啟動頁，無法開到國泰首頁，已刪除又重新下載還是不行，到現在快2個禮拜還是無法開啟，手機是三星N10，請問這個要如何處理，沒辦法開啟真的很麻煩，因為國泰網銀是我常常要用到的，已經試過很多方式還是不行。,您好，目前連線狀態正常，若您持續遇到此問題，請您提供 1) 常會卡住的畫面、2) 手機系統版本號，來信至客服信箱 MMB@cathaybk.com.tw，我們將有專人為您服務，祝您有美好的一天，謝謝：）,3,2025-12-12,7.9.1101.318
國泰世華,057734f0-11e1-4cea-8e35-b344578ead95,尼爾森,5,good,您的回覆是我們最大的鼓勵，謝謝您的支持，祝您有美好的一天,0,2025-12-12,7.9.1101.318
國泰世華,6c7e410b-fd21-48e3-8035-99386a21aea2,王董,1,爛！ 白癡工程師 點選的連結，不能明確提醒或有邏輯性的路徑選項嗎？ 單是顏色不代表能看的懂 現在的科技工程師真的全是飯桶，更缺乏人性化思考！ 留言也不能附圖！ 谷歌也是蠢蛋工程師！ 廣告推銷廢話資訊一堆 混淆浪費操作時間 學資訊的怎都這麼廢 使用的銀行真不是只有你一家 介面與畫面根本無用的複雜化 必須詳細地卻簡單化 全都廢物,您好，抱歉造成您的不便。 若方便的話，是否能麻煩您來信至MMB@cathaybk.com.tw客服信箱，並於來信中詳述你的問題、裝置型號、作業系統與您的連絡方式，我們將由行動銀行團隊為您服務，謝謝,2,2025-12-12,7.9.1001.308
國泰世華,03473bb0-c1fe-4c16-b3d1-d3216f2da841,Jolina芊.,1,超爛！一直要更新！很煩！,您好，很抱歉造成您的不便，我們將持續改善與提升效能，期待能提供更優化的整體操作體驗，謝謝您的理解與支持，祝您有美好的一天,0,2025-12-12,7.8.1901.299
國泰世華,5d67ff62-4c17-4856-b563-a12cb2033892,Riddle C.,1,垃圾,您好，感謝您分享您的經驗！如您在使用過程中遇到問題，歡迎您來信至 MMB@cathaybk.com.tw，並提供1)問題說明及畫面截圖、2)裝置型號、3)App版本、4)身分證字號，我們將有專人儘速為您服務與查詢，謝謝！,0,2025-12-11,7.8.1001.271
國泰世華,02d0d174-9894-4c60-8bf2-53c159294448,Peipei,3,以往登入流暢 近期更新，登入後即閃退...一退再退...,您好，感謝您分享您的經驗！如您在使用過程中遇到問題，歡迎您來信至 MMB@cathaybk.com.tw，並提供1)問題說明及畫面截圖、2)裝置型號、3)App版本、4)身分證字號，我們將有專人儘速為您服務與查詢，謝謝！,2,2025-12-11,7.9.1101.318
國泰世華,89bb7d6a-48e2-40ae-960f-7e5d6950600d,陳亦如,1,真的是很爛，常常一直打不開，要轉帳還是要繳費都超不方便！真的是沒有一家銀行app這麼爛的,您好，感謝您分享您的經驗！如您在使用過程中遇到問題，歡迎您來信至 MMB@cathaybk.com.tw，並提供1)問題說明及畫面截圖、2)裝置型號、3)App版本、4)身分證字號，我們將有專人儘速為您服務與查詢，謝謝！,1,2025-12-11,
國泰世華,2f9ca4eb-a97d-4d1b-8509-d3fda7fdbf3e,陳森立,1,爛銀行，連薪轉優惠都沒有,您好，感謝您分享您的經驗！如您在使用過程中遇到問題，歡迎您來信至 MMB@cathaybk.com.tw，並提供1)問題說明及畫面截圖、2)裝置型號、3)App版本、4)身分證字號，我們將有專人儘速為您服務與查詢，謝謝！😊,0,2025-12-10,7.9.1101.318
國泰世華,17419f8a-e28d-460c-affc-d357c9769f93,Cathy Dai,1,更新後，居然完全無法進入app，傻眼。請問這樣到底為何要強迫升級？,您好，感謝您的留言。為確保用戶的資訊安全和提供更穩定的使用體驗，我們會定期進行App的更新。若您升級後無法進入App，建議您可以嘗試以下方式：1) 確認您的設備已連接穩定的網際網路、2) 卸載後重新安裝最新版本的App、3) 檢查設備是否有足夠的儲存空間。如果問題仍然無法解決，歡迎來信至MMB@cathaybk.com.tw，並提供我們 1)問題說明及畫面截圖、2)裝置型號、3)App版本、4)身分證字號，我們將有專人協助您解決。希望能幫助您解決困擾！🙏,2,2025-12-10,7.9.1101.318
國泰世華,ce5b8eb8-e8e2-4168-a9a6-75a14e04cdc4,黃國寶,5,不錯,您好，感謝您對我們APP的支持！我們會繼續努力提供更好的使用體驗，祝您愉快！😊,0,2025-12-10,7.8.2001.305
